{
  "main": {
    "id": "57f36cd2b179e855",
    "type": "split",
    "children": [
      {
        "id": "583582b333ee4167",
        "type": "tabs",
        "children": [
          {
            "id": "fceacd6feee90729",
            "type": "leaf",
            "state": {
              "type": "markdown",
              "state": {
                "file": "00_index.md",
                "mode": "source",
                "source": false
              },
              "icon": "lucide-file",
              "title": "00_index"
            }
          }
        ]
      },
      {
        "id": "c1f5b1d6908b358f",
        "type": "tabs",
        "children": [
          {
            "id": "cc5290f3c0e6cbc6",
            "type": "leaf",
            "state": {
              "type": "graph",
              "state": {},
              "icon": "lucide-git-fork",
              "title": "Graph view"
            }
          }
        ]
      }
    ],
    "direction": "vertical"
  },
  "left": {
    "id": "975f91ebbacf5622",
    "type": "split",
    "children": [
      {
        "id": "8cf7f13e695a8ca0",
        "type": "tabs",
        "children": [
          {
            "id": "42ad9659292b053b",
            "type": "leaf",
            "state": {
              "type": "file-explorer",
              "state": {
                "sortOrder": "alphabetical",
                "autoReveal": false
              },
              "icon": "lucide-folder-closed",
              "title": "Files"
            }
          },
          {
            "id": "986fadcd3b828b90",
            "type": "leaf",
            "state": {
              "type": "search",
              "state": {
                "query": "",
                "matchingCase": false,
                "explainSearch": false,
                "collapseAll": false,
                "extraContext": false,
                "sortOrder": "alphabetical"
              },
              "icon": "lucide-search",
              "title": "Search"
            }
          },
          {
            "id": "58aab46dcb07b397",
            "type": "leaf",
            "state": {
              "type": "bookmarks",
              "state": {},
              "icon": "lucide-bookmark",
              "title": "Bookmarks"
            }
          }
        ]
      }
    ],
    "direction": "horizontal",
    "width": 300
  },
  "right": {
    "id": "92054b3b1bf892aa",
    "type": "split",
    "children": [
      {
        "id": "f621f102730b28d6",
        "type": "tabs",
        "children": [
          {
            "id": "a4a0015d11558a56",
            "type": "leaf",
            "state": {
              "type": "backlink",
              "state": {
                "file": "00_index.md",
                "collapseAll": false,
                "extraContext": false,
                "sortOrder": "alphabetical",
                "showSearch": false,
                "searchQuery": "",
                "backlinkCollapsed": false,
                "unlinkedCollapsed": true
              },
              "icon": "links-coming-in",
              "title": "Backlinks for 00_index"
            }
          },
          {
            "id": "e87d272ce9eecaca",
            "type": "leaf",
            "state": {
              "type": "outgoing-link",
              "state": {
                "file": "00_index.md",
                "linksCollapsed": false,
                "unlinkedCollapsed": true
              },
              "icon": "links-going-out",
              "title": "Outgoing links from 00_index"
            }
          },
          {
            "id": "98b44e72884432ba",
            "type": "leaf",
            "state": {
              "type": "tag",
              "state": {
                "sortOrder": "frequency",
                "useHierarchy": true,
                "showSearch": false,
                "searchQuery": ""
              },
              "icon": "lucide-tags",
              "title": "Tags"
            }
          },
          {
            "id": "aad44303edc831e9",
            "type": "leaf",
            "state": {
              "type": "outline",
              "state": {
                "file": "00_index.md",
                "followCursor": false,
                "showSearch": false,
                "searchQuery": ""
              },
              "icon": "lucide-list",
              "title": "Outline of 00_index"
            }
          }
        ]
      }
    ],
    "direction": "horizontal",
    "width": 300,
    "collapsed": true
  },
  "left-ribbon": {
    "hiddenItems": {
      "switcher:Open quick switcher": false,
      "graph:Open graph view": false,
      "canvas:Create new canvas": false,
      "daily-notes:Open today's daily note": false,
      "templates:Insert template": false,
      "command-palette:Open command palette": false
    }
  },
  "active": "42ad9659292b053b",
  "lastOpenFiles": [
    "governance/snapshots/mutation_and_progression_snapshot.md",
    "governance/snapshots",
    "journal/technique_system_overview260625.md",
    "journal/technique_evolution_system.md",
    "journal/technique_component_library_260625.md",
    "journal/skill_system_overview260635.md",
    "governance/audit_reports/initial_full_design_audit_23062025.md",
    "governance/audit_reports/audit_report_journal",
    "governance/mvp_progress_tracker.md",
    "governance/audit_reports",
    "governance/version_delta_log.md",
    "governance/testing_protocols.md",
    "governance/governance_and_process.md",
    "governance/change_log.md",
    "governance",
    "journal.zip",
    "Welcome.md",
    "00_index.md",
    "version_delta_log.md",
    "change_log.md",
    "audit_reports/initial_full_design_audit_23062025.md",
    "audit_reports/audit_report_journal",
    "audit_reports",
    "audit_report_journal",
    "mvp_progress_tracker.md",
    "governance_and_process.md",
    "journal/zone_and_room_structure.md",
    "journal/world_terain_and_lazy_hex_system.md",
    "journal/vision_and_perception_system.md",
    "journal/visibility_score_model.md",
    "journal/turn_based_flow.md",
    "journal/tactical_tile_model.md",
    "journal/tactical_map_scalability.md",
    "journal/stealth_and_detection_mechanics.md",
    "journal"
  ]
}